date,ticker,cik,weight
2005-01-01,SLB,87347,0.0866119265594619
2005-01-01,ALL,899051,0.0613377252523144
2005-01-01,RVTY,31791,0.0595982406311247
2005-01-01,TROW,1113169,0.0422011985786988
2005-01-01,JCI,833444,0.041699092662518
2005-01-01,HST,1070750,0.0412239285300783
2005-01-01,CLX,21076,0.0373117556639647
2005-01-01,SWY,86144,0.0338753686504173
2005-01-01,NVDA,1045810,0.0288434603861188
2005-01-01,CMI,26172,0.0269472209464604
2005-01-01,INTU,896878,0.0265652438325068
2005-01-01,SO,92122,0.0255103018760307
2005-01-01,COR,1140859,0.025427443544117
2005-01-01,A,1090872,0.02525814750613
2005-01-01,T,732717,0.0249758052138566
2005-01-01,T,732717,0.0249758052138566
2005-01-01,FDX,1048911,0.0225715839761179
2005-01-01,PGR,80661,0.0217801274339342
2005-01-01,GIS,40704,0.0208653961693852
2005-01-01,MMC,62709,0.0201071925227989
2005-01-01,EBAY,1065088,0.01986079115429
2005-01-01,BIIB,875045,0.0197157418029133
2005-01-01,AAPL,320193,0.0179852452359994
2005-01-01,ATI,1018963,0.0174110616238932
2005-01-01,JBL,898293,0.0155788245422287
2005-01-01,CINF,20286,0.0154547417675538
2005-01-01,GILD,882095,0.0133256632888137
2005-01-01,INTC,50863,0.0131437332423326
2005-01-01,ADI,6281,0.0099227535208226
2005-01-01,GS,886982,0.0097808110374036
2005-01-01,TWX,1105705,0.0094360095325176
2005-01-01,HD,354950,0.0083924204145596
2005-01-01,MSI,68505,0.0081979803133773
2005-01-01,ADBE,796343,0.0080852773363981
2005-01-01,DOV,29905,0.0071513816318644
2005-01-01,WY,106535,0.0066905788128944
2005-01-01,K,55067,0.0066723471859367
2005-01-01,XOM,34088,0.0065587987269362
2005-01-01,MXIM,743316,0.0065567333744968
2005-01-01,HSY,47111,0.0060893616664518
2005-01-01,BA,12927,0.0053886353311762
2005-01-01,PFE,78003,0.0050755714409003
2005-01-01,COF,927628,0.004775531447408
2005-01-01,PFG,1126328,0.0047163754886723
2005-01-01,PACT,1089976,0.0044868013323358
2005-01-01,NUE,73309,0.0044415515049783
2005-01-01,SBL,278352,0.004012357821557
2005-01-01,CL,21665,0.003720043957683
2005-01-01,PPG,79879,0.0034266324564867
2005-01-01,KEY,91576,0.0034092294949833
2005-01-01,MS,895421,0.0030453210086205
2005-01-01,GENZ,732485,0.0028209182630646
2005-01-01,EMC,790070,0.0027687150268178
2005-01-01,MMM,66740,0.0027454913487946
2005-01-01,GLW,24741,0.002741729809816
2005-01-01,PH,76334,0.002482215449499
2005-01-01,AEP,4904,0.002479277891573
2005-01-01,EIX,827052,0.0023053567021769
2005-01-01,EXC,788784,0.0022909963946557
2005-01-01,SYMC,849399,0.0021817435159131
2005-01-01,STT,93751,0.0018747460967378
2005-01-01,ALTR,768251,0.0012804771649898
2005-01-01,JPM,19617,0.0010373507754642
2005-01-01,TXT,217346,0.0008673993709009
2005-01-01,UPS,1090727,0.0006961447913633
2005-01-01,SYY,96021,0.0005539557381666
2005-01-01,MKC,63754,0.0003537541094097
2005-01-01,PEP,77476,0.000324454904277
2006-01-01,TAP,24545,0.0885475596311817
2006-01-01,NVDA,1045810,0.0806327739359169
2006-01-01,COP,1163165,0.0787328060374497
2006-01-01,ROK,1024478,0.0758707921556145
2006-01-01,ALL,899051,0.0734172039392444
2006-01-01,AMZN,1018724,0.0390185328464515
2006-01-01,PGR,80661,0.0380051505017984
2006-01-01,CMCSA,1166691,0.0345086905455108
2006-01-01,BSX,885725,0.0328317204727052
2006-01-01,MSFT,789019,0.0306329089817401
2006-01-01,SCHW,316709,0.0281037995507022
2006-01-01,HUM,49071,0.026191008433982
2006-01-01,ROW,85408,0.0258184490321583
2006-01-01,AES,874761,0.024707993799167
2006-01-01,GILD,882095,0.0228711132748547
2006-01-01,MTB,36270,0.0225113059658636
2006-01-01,CSCO,858877,0.0219183055281965
2006-01-01,ADP,8670,0.0216209062346507
2006-01-01,BIIB,875045,0.0195877340631767
2006-01-01,A,1090872,0.0188561913416767
2006-01-01,AON,315293,0.0151455766450103
2006-01-01,AIG,5272,0.0149841753480664
2006-01-01,GIS,40704,0.014653511274966
2006-01-01,PH,76334,0.0124937982591059
2006-01-01,MON,1110783,0.010757538584816
2006-01-01,RVTY,31791,0.0105472747310173
2006-01-01,EA,712515,0.0098091121110532
2006-01-01,CCL,815097,0.009648443750474
2006-01-01,MU,723125,0.0083871223580086
2006-01-01,APD,2969,0.0079458804043946
2006-01-01,BA,12927,0.0076207017513744
2006-01-01,EBAY,1065088,0.0070393683295908
2006-01-01,NI,1111711,0.0069333636135074
2006-01-01,SPG,1063761,0.006441426456865
2006-01-01,DRI,940944,0.0055191228130071
2006-01-01,YHOO,1011006,0.0050252457507626
2006-01-01,NOC,1133421,0.0049387416190206
2006-01-01,TPR,1116132,0.0042783909829824
2006-01-01,TGT,27419,0.0038826058603087
2006-01-01,CAT,18230,0.0037847467041674
2006-01-01,UTX,101829,0.0034406815841575
2006-01-01,PFG,1126328,0.0027672463282328
2006-01-01,D,715957,0.0027276726823935
2006-01-01,PG,80424,0.002278669231851
2006-01-01,F,37996,0.0021612892569454
2006-01-01,HSP,1274057,0.0021110403366777
2006-01-01,PEG,788784,0.0019405188419878
2006-01-01,JNJ,200406,0.0018506732060013
2006-01-01,XOM,34088,0.0017989636819577
2006-01-01,AEE,1002910,0.0012363045029739
2006-01-01,AXP,4962,0.0012149439397531
2006-01-01,USB,36104,0.0011596870073474
2006-01-01,PRU,1137774,0.0010912157791778
2007-01-01,NVDA,1045810,0.1064162685458006
2007-01-01,JCI,833444,0.0733175598996996
2007-01-01,BIIB,0,0.0695457806321418
2007-01-01,AIZ,1267238,0.0654826259387608
2007-01-01,T,732717,0.0566549674144208
2007-01-01,SLB,87347,0.0499298504347036
2007-01-01,AMZN,1018724,0.0398579271824813
2007-01-01,COP,1163165,0.0375188154692565
2007-01-01,EL,1001250,0.0334933561032713
2007-01-01,TAP,24545,0.0310381749272743
2007-01-01,AON,315293,0.0297884261326355
2007-01-01,BCR,9892,0.0296386234401837
2007-01-01,AES,874761,0.0266397433408162
2007-01-01,CMI,26172,0.0265041422080209
2007-01-01,ALL,899051,0.0253849953555405
2007-01-01,KEY,91576,0.0200530188826369
2007-01-01,BEN,38777,0.0198043178677981
2007-01-01,FIS,1136893,0.0197914616782568
2007-01-01,EOG,821189,0.0191845274320292
2007-01-01,ECL,31462,0.0171788771005057
2007-01-01,MU,723125,0.0159352344152763
2007-01-01,GIS,40704,0.0142503858098926
2007-01-01,ELV,1156039,0.0134050638828602
2007-01-01,KFT,1103982,0.0130752964690372
2007-01-01,AAPL,320193,0.011738304805662
2007-01-01,EQR,906107,0.0107058076133667
2007-01-01,BAX,10456,0.0095493603428975
2007-01-01,BBY,764478,0.0092493479786285
2007-01-01,JNJ,200406,0.0084422862206814
2007-01-01,PH,76334,0.0080672219793789
2007-01-01,COST,909832,0.0076133763018269
2007-01-01,HST,1070750,0.0069539063296989
2007-01-01,HST,1070750,0.0069539063296989
2007-01-01,ZMH,1136869,0.0057455788676929
2007-01-01,IBM,51143,0.0056763687322674
2007-01-01,UTX,101829,0.0055616180901607
2007-01-01,D,715957,0.0052636029935969
2007-01-01,HPQ,47217,0.0052201050115487
2007-01-01,EMR,32604,0.0038016732639639
2007-01-01,C,831001,0.0035279147164336
2007-01-01,MMM,66740,0.0035140582138654
2007-01-01,BAC,310163,0.0034980427849836
2007-01-01,MRO,101778,0.0033492729374967
2007-01-01,USB,36104,0.0030475263388317
2007-01-01,HON,773840,0.002832685212508
2007-01-01,WM,823768,0.0025064144044089
2007-01-01,MON,1110783,0.0024664119150661
2007-01-01,NEE,753308,0.0018073085656107
2007-01-01,PNW,764622,0.0017611959470699
2007-01-01,ETR,65984,0.0013555204333529
2007-01-01,GT,42582,0.0012986707940436
2007-01-01,TWX,1105705,0.0012919638140396
2007-01-01,K,55067,0.0011427841121245
2007-01-01,FO,789073,0.0008920329857162
2007-01-01,PEP,77476,0.0005473059880504
2007-01-01,TRCO,726513,0.0004722441682356
2007-01-01,WEY,106535,0.0002567412437894
2008-01-01,SLB,87347,0.1423818031586631
2008-01-01,DGX,1022079,0.1044941399042595
2008-01-01,ORCL,1341439,0.0996239535586524
2008-01-01,J,52988,0.0933119605093366
2008-01-01,WMT,104169,0.084379912578095
2008-01-01,BEN,38777,0.0549382758689869
2008-01-01,AAPL,320193,0.0434945517585072
2008-01-01,D,715957,0.0324131786903359
2008-01-01,AMZN,1018724,0.0313686379571549
2008-01-01,KEY,91576,0.0297570901948279
2008-01-01,ALL,899051,0.0278994482451215
2008-01-01,VIAB,1339947,0.0269538663087438
2008-01-01,EFX,33185,0.0214499105886355
2008-01-01,EA,712515,0.018075174779377
2008-01-01,NUE,73309,0.0168408142718982
2008-01-01,YHOO,1011006,0.0154279736751427
2008-01-01,CELG,816284,0.0145481794691427
2008-01-01,INTC,50863,0.0142387189703367
2008-01-01,MON,1110783,0.0130405103690503
2008-01-01,PEP,77476,0.0118039195236256
2008-01-01,AMT,1053507,0.0095819569684927
2008-01-01,PFG,1126328,0.0079828488761436
2008-01-01,XOM,34088,0.0077624761773838
2008-01-01,UNH,731766,0.0074315278061666
2008-01-01,BAC,70858,0.0070343217662435
2008-01-01,MO,764180,0.0064005009524268
2008-01-01,JNJ,200406,0.0058232652260735
2008-01-01,NEE,753308,0.0056015387038295
2008-01-01,ED,1047862,0.0051940949495229
2008-01-01,FPL,753308,0.0047435246834155
2008-01-01,MMM,66740,0.0041972340939319
2008-01-01,WEY,106535,0.0039459063208404
2008-01-01,USB,36104,0.0034847208790446
2008-01-01,AMP,820027,0.0026902892134491
2008-01-01,RL,1037038,0.0025754608329677
2008-01-01,UTX,101829,0.0024732486874502
2008-01-01,GE,40545,0.0022778448778585
2008-01-01,SWK,93556,0.0022177540499426
2008-01-01,SWK,93556,0.0022177540499426
2008-01-01,PRU,1137774,0.0020816755282697
2008-01-01,ACE,896159,0.0020332984883647
2008-01-01,ACE,896159,0.0020332984883647
2008-01-01,MCD,63908,0.0012711446313721
2008-01-01,IPG,51644,0.0012546600442527
2008-01-01,VZ,732712,0.0012476333243544
2009-01-01,SLB,87347,0.092627260081592
2009-01-01,BEN,38777,0.0578964775786543
2009-01-01,ISRG,1035267,0.0569857514334369
2009-01-01,SPGI,64040,0.0414023129451546
2009-01-01,ADM,7084,0.0408520207105874
2009-01-01,WMT,104169,0.0406277490524154
2009-01-01,TMUS,1283699,0.0395020662872301
2009-01-01,PAYX,723531,0.035583364309238
2009-01-01,COST,909832,0.034350193005671
2009-01-01,LSI,703360,0.0335100871553699
2009-01-01,JCI,833444,0.0317837745398094
2009-01-01,DGX,1022079,0.0311031818293331
2009-01-01,NVDA,1045810,0.0307702445231399
2009-01-01,SYK,310764,0.0299230628270806
2009-01-01,NDAQ,1120193,0.0278824527225004
2009-01-01,AMZN,1018724,0.0244196987787614
2009-01-01,AKAM,1086222,0.0243845223851502
2009-01-01,MCHP,827054,0.0224962129278136
2009-01-01,EBAY,1065088,0.0212345255293577
2009-01-01,MSFT,789019,0.0200440808219432
2009-01-01,PEG,788784,0.0154427128702594
2009-01-01,EFX,33185,0.0151953499763841
2009-01-01,STJ,203077,0.0145420344754443
2009-01-01,EOG,821189,0.014447646165241
2009-01-01,APD,2969,0.0101001646991107
2009-01-01,BMS,11199,0.0094423189053676
2009-01-01,LH,920148,0.0090152217945936
2009-01-01,BMC,835729,0.008757729810684
2009-01-01,AES,874761,0.0085616952510326
2009-01-01,BK,1390777,0.0083130478464251
2009-01-01,AAPL,320193,0.0073744950451091
2009-01-01,ADP,8670,0.0064459403593931
2009-01-01,D,715957,0.0061515501313064
2009-01-01,CMS,811156,0.0059807236257039
2009-01-01,MAR,1048286,0.0058515284819004
2009-01-01,PH,76334,0.0054983059427188
2009-01-01,GIS,40704,0.0054681990256769
2009-01-01,CTSH,1058290,0.0054229466528759
2009-01-01,ADSK,769397,0.005221792776625
2009-01-01,ADBE,796343,0.0051215238881354
2009-01-01,KIM,879101,0.0047843766707354
2009-01-01,EQR,906107,0.0047340304071009
2009-01-01,EA,712515,0.0044409257249405
2009-01-01,MRK,310158,0.0043727045353408
2009-01-01,MRK,310158,0.0043727045353408
2009-01-01,EXPE,1324424,0.0041444460558107
2009-01-01,HAL,45012,0.0039986749818603
2009-01-01,TWC,1377013,0.0039804740312035
2009-01-01,TPR,1116132,0.0036080702456
2009-01-01,JPM,19617,0.0034213739708928
2009-01-01,EIX,827052,0.0031305722796301
2009-01-01,CBRE,1138118,0.0030349472195374
2009-01-01,SNA,91440,0.002997250539309
2009-01-01,A,1090872,0.002686484129799
2009-01-01,MKC,63754,0.002497184914911
2009-01-01,DYN,1379895,0.0022887888323113
2009-01-01,SYY,96021,0.002242413409376
2009-01-01,PPG,79879,0.0022004167233703
2009-01-01,PG,80424,0.0021681053941269
2009-01-01,AEP,4904,0.0021211461326986
2009-01-01,CELG,816284,0.0020844025255528
2009-01-01,ENSCO,314808,0.002066808212371
2009-01-01,AMGN,318154,0.0018853292382125
2009-01-01,XOM,34088,0.0018094220704755
2009-01-01,GENZ,732485,0.0017304896840553
2009-01-01,AMT,1053507,0.0016802594577832
2009-01-01,AXP,4962,0.0015249562514498
2009-01-01,ECL,31462,0.0013971999292876
2009-01-01,TYCO,50104,0.0012906474349769
2009-01-01,MON,1110783,0.0012371970440912
2009-01-01,UNP,100885,0.0011168681867683
2009-01-01,PLL,75829,0.0010545611003594
2009-01-01,VZ,732712,0.0010062477045849
2009-01-01,VFC,103379,0.000836639324341
2009-01-01,DE,315189,0.0005567682336138
2009-01-01,LMT,936468,0.0005357940239516
2009-01-01,HON,773840,0.0005175036593791
2009-01-01,DV,730464,0.0004221228657648
2009-01-01,MCD,63908,0.0002877251508557
2010-01-01,WMT,104169,0.108707196129048
2010-01-01,SLB,87347,0.0688294895787326
2010-01-01,ALL,899051,0.0453358477633776
2010-01-01,T,732717,0.0397178792433255
2010-01-01,PH,76334,0.0382353577157485
2010-01-01,AMZN,1018724,0.0374906839254522
2010-01-01,DGX,1022079,0.0338053242689221
2010-01-01,NEE,753308,0.0336697306953406
2010-01-01,NVDA,1045810,0.0329842989450957
2010-01-01,SYK,310764,0.0324571045752618
2010-01-01,BA,12927,0.0323141900140213
2010-01-01,DHR,313616,0.031141634121351
2010-01-01,ORCL,1341439,0.0309020287321158
2010-01-01,JNPR,1043604,0.0284621599457621
2010-01-01,MSFT,789019,0.0278153164786787
2010-01-01,CVX,93410,0.0265781416818876
2010-01-01,NDAQ,1120193,0.0251723354588071
2010-01-01,PWR,1050915,0.0237566397657979
2010-01-01,ADSK,769397,0.0233603109287576
2010-01-01,TROW,1113169,0.0214161568490852
2010-01-01,FIS,1136893,0.0171655245911685
2010-01-01,CLF,764065,0.0165684095895464
2010-01-01,TMO,97745,0.0151263420876619
2010-01-01,NTAP,1002047,0.0130779912962518
2010-01-01,KEY,91576,0.0117835331753035
2010-01-01,BEN,38777,0.0104756618485995
2010-01-01,SPGI,64040,0.0104221802621402
2010-01-01,YHOO,1011006,0.0102666934044555
2010-01-01,AFL,4977,0.0090191783341946
2010-01-01,KFT,1103982,0.0089214125524415
2010-01-01,GL,320335,0.0086595151072632
2010-01-01,HST,1070750,0.0075268804630213
2010-01-01,HST,1070750,0.0075268804630213
2010-01-01,PEP,77476,0.0067182124943657
2010-01-01,UNH,731766,0.0066297778101564
2010-01-01,EBAY,1065088,0.0061831897270233
2010-01-01,EXPE,1324424,0.0052529392061102
2010-01-01,MRK,310158,0.0051421150216753
2010-01-01,FISV,798354,0.0051351841438124
2010-01-01,SBUX,829224,0.0050862450293592
2010-01-01,BK,1390777,0.0048896523529793
2010-01-01,NEM,1164727,0.0048041002801904
2010-01-01,CELG,816284,0.0047938186301081
2010-01-01,NOC,1133421,0.0039601086983811
2010-01-01,LH,0,0.003695397901023
2010-01-01,IRM,1020569,0.0035242091326252
2010-01-01,PCLN,1075531,0.0034337061936767
2010-01-01,UTX,101829,0.003243568711241
2010-01-01,COH,1116132,0.0032039096935663
2010-01-01,JCI,833444,0.003096228229134
2010-01-01,USB,36104,0.0029742737037188
2010-01-01,SIAL,90185,0.002891593623679
2010-01-01,MMM,66740,0.0027411231441934
2010-01-01,AMAT,6951,0.0026451498248568
2010-01-01,DFS,1393612,0.002628291322101
2010-01-01,LUV,92380,0.0026277691486645
2010-01-01,ALTR,768251,0.0020302622622985
2010-01-01,ABT,1800,0.0019020343009766
2010-01-01,D,715957,0.001406635476875
2010-01-01,AMP,820027,0.0012708445724219
2010-01-01,CNP,1130310,0.0012355255755381
2010-01-01,ACE,896159,0.0010706826178379
2010-01-01,PEG,788784,0.0010333411139299
2010-01-01,PRU,1137774,0.0009349122454619
2010-01-01,EIX,827052,0.0009258100892666
2010-01-01,MA,1141391,0.0007756213866219
2010-01-01,MMC,62709,0.0006710760734428
2010-01-01,V,1403161,0.0005790790503083
2010-01-01,AXP,4962,0.0005632635930894
2010-01-01,WELL,0,0.0005475514060099
2010-01-01,VTR,740260,0.0005345696626651
2010-01-01,YUM,1041061,0.0004632467567591
2010-01-01,AMT,1053507,6.294980221484663e-05
2011-01-01,SYK,310764,0.071589273994656
2011-01-01,HES,4447,0.0687564567690633
2011-01-01,AMZN,1018724,0.0486507888601273
2011-01-01,NOC,1133421,0.04630887570898
2011-01-01,NFLX,1065280,0.0412568067236492
2011-01-01,EMR,32604,0.0407115821369474
2011-01-01,INTU,896878,0.0399077698617432
2011-01-01,HRL,48465,0.0395075152981493
2011-01-01,CTRA,858470,0.0326031419219425
2011-01-01,TAP,24545,0.0317749761070015
2011-01-01,CRM,1108524,0.0298657380420619
2011-01-01,CL,21665,0.0290397527151773
2011-01-01,MU,723125,0.0288109911090375
2011-01-01,MCHP,827054,0.0271478517599401
2011-01-01,ISRG,1035267,0.0267138117225317
2011-01-01,CINF,20286,0.0265797839999581
2011-01-01,MA,1141391,0.0219750743205161
2011-01-01,ALL,899051,0.0206237226110113
2011-01-01,KEY,91576,0.0199733639375531
2011-01-01,MSFT,789019,0.0193709616575698
2011-01-01,EW,1099800,0.0184656371355403
2011-01-01,CMS,811156,0.0171528026333384
2011-01-01,GE,40545,0.0170545086531155
2011-01-01,JCI,833444,0.0159676876636964
2011-01-01,FISV,798354,0.0155438721188207
2011-01-01,MS,895421,0.0140180995948772
2011-01-01,PLD,1045609,0.013418067646618
2011-01-01,BBY,764478,0.0125698701623217
2011-01-01,BMS,11199,0.0122801145931088
2011-01-01,NDAQ,1120193,0.0120620005072
2011-01-01,SRE,1032208,0.0114572471908731
2011-01-01,YHOO,1011006,0.0110863977279376
2011-01-01,SLB,87347,0.0089961797327136
2011-01-01,AMB,1045609,0.0083892065801676
2011-01-01,STT,93751,0.007519204378517
2011-01-01,CLX,21076,0.0071023951597471
2011-01-01,PM,1413329,0.0067040924826701
2011-01-01,IP,51434,0.0061201522220969
2011-01-01,IVZ,914208,0.0060960668313727
2011-01-01,TMO,97745,0.0060575545362407
2011-01-01,TFC,92230,0.0056310099035314
2011-01-01,JPM,19617,0.0056023836085733
2011-01-01,PPG,79879,0.0048269088434739
2011-01-01,CVX,93410,0.0047226346718309
2011-01-01,LH,920148,0.0038343899016071
2011-01-01,TER,97210,0.0034856643366673
2011-01-01,AMGN,318154,0.0032609246462424
2011-01-01,DRI,940944,0.0030429613245903
2011-01-01,ADBE,796343,0.0027927393583783
2011-01-01,SPG,1063761,0.0022902821927129
2011-01-01,PFG,1126328,0.0020520450401038
2011-01-01,JNJ,200406,0.0018526875468061
2011-01-01,EIX,827052,0.0018402511357049
2011-01-01,PG,80424,0.0018330278869529
2011-01-01,PEG,788784,0.0018315971522245
2011-01-01,MON,1110783,0.0016835865459854
2011-01-01,XEL,72903,0.0013516506721962
2011-01-01,INTC,50863,0.0013093920673028
2011-01-01,TWC,1377013,0.0010370754729773
2011-01-01,NRG,1013871,0.0009942088040667
2011-01-01,FE,1031296,0.0008634780605944
2011-01-01,C,831001,0.000831784030552
2011-01-01,CMCSA,1166691,0.0008128635239467
2011-01-01,T,732717,0.0007859954465638
2011-01-01,LOW,60667,0.0007831970255691
2011-01-01,F,37996,0.0007769578349492
2011-01-01,AMT,1053507,0.0006409061573034
2012-01-01,MU,723125,0.0584442256528503
2012-01-01,AMZN,1018724,0.0457770098725145
2012-01-01,LLY,59478,0.0416266479581359
2012-01-01,FDX,1048911,0.0379435706908462
2012-01-01,NVDA,1045810,0.0353155132647019
2012-01-01,ALXN,899866,0.0350972344295616
2012-01-01,TAP,24545,0.0342469320120123
2012-01-01,RAI,1275283,0.0337565555818157
2012-01-01,MCHP,827054,0.0313201070808427
2012-01-01,OXY,797468,0.0309683368947387
2012-01-01,DE,315189,0.0297291287813212
2012-01-01,EXPE,1324424,0.0282882117045995
2012-01-01,CTRA,858470,0.0262984077963276
2012-01-01,NDAQ,1120193,0.0252335084470748
2012-01-01,PGR,80661,0.0244005901945044
2012-01-01,EA,712515,0.0233578266490943
2012-01-01,MSFT,789019,0.0226626170331674
2012-01-01,SCHW,316709,0.0226188410729213
2012-01-01,MA,1141391,0.0221995851058779
2012-01-01,EQT,33213,0.0204676441258204
2012-01-01,STZ,16918,0.0203987122236683
2012-01-01,CL,21665,0.0196462433912698
2012-01-01,TMUS,1283699,0.0178245186414472
2012-01-01,STJ,203077,0.0173767646058046
2012-01-01,GWW,277135,0.0171761017351164
2012-01-01,ALL,899051,0.0147285873397224
2012-01-01,ISRG,1035267,0.014371283831994
2012-01-01,GS,886982,0.0127467850142548
2012-01-01,PH,76334,0.0112682272518577
2012-01-01,PEG,788784,0.011022003294652
2012-01-01,HST,1070750,0.0108033506567844
2012-01-01,HST,1070750,0.0108033506567844
2012-01-01,ADI,6281,0.010041294762624
2012-01-01,TFC,92230,0.0094920016324276
2012-01-01,SWK,93556,0.0084186140682684
2012-01-01,WEC,783325,0.0075977885756342
2012-01-01,WEC,783325,0.0075977885756342
2012-01-01,GL,320335,0.0075054820293579
2012-01-01,ECL,31462,0.0072106779308369
2012-01-01,IP,51434,0.0071562111851928
2012-01-01,KEY,91576,0.0065982101531113
2012-01-01,CTSH,1058290,0.0064937680668797
2012-01-01,AMGN,318154,0.0055232312746369
2012-01-01,DUK,1326160,0.0055019485823154
2012-01-01,VLO,1035002,0.00528070724492
2012-01-01,FCX,831259,0.004950442725755
2012-01-01,ROW,85408,0.0046848473755972
2012-01-01,APC,773910,0.00455278452005
2012-01-01,CELG,816284,0.0045401569639626
2012-01-01,BMY,14272,0.0045275568730902
2012-01-01,JPM,19617,0.0045275023326925
2012-01-01,SIAL,90185,0.0043816080910056
2012-01-01,CAG,23217,0.0043222712510562
2012-01-01,NEE,753308,0.0041302698539158
2012-01-01,PEP,77476,0.0040876942804964
2012-01-01,BMY,11199,0.0038379547859614
2012-01-01,AEP,4904,0.0037342290708152
2012-01-01,LIFE,1073431,0.0033374503448083
2012-01-01,PLD,1045609,0.0030412245653799
2012-01-01,SLB,87347,0.0030309649062095
2012-01-01,A,1090872,0.00266815917321
2012-01-01,VAR,203527,0.0025688009859678
2012-01-01,USB,36104,0.0025226841704372
2012-01-01,MKC,63754,0.0023806589180274
2012-01-01,F,37996,0.0021875194378943
2012-01-01,HD,354950,0.0021298511664967
2012-01-01,AMB,1045609,0.0021128207231601
2012-01-01,CMCSA,1166691,0.0018780451574945
2012-01-01,BA,12927,0.0018322912009608
2012-01-01,JDSU,912093,0.0015896391896168
2012-01-01,AMT,1053507,0.0015616313083849
2012-01-01,IBM,51143,0.0015407546088157
2012-01-01,LMT,936468,0.0013710049420952
2012-01-01,CCE,1491675,0.0012858563905299
2012-01-01,SAIC,1336920,0.0012650816858871
2012-01-01,BK,1390777,0.0012564603265666
2012-01-01,UTX,101829,0.0012525684924715
2012-01-01,ADP,8670,0.0012289971570568
2012-01-01,MDLZ,1103982,0.0012012313263589
2012-01-01,VZ,732712,0.0011039473903903
2012-01-01,TGT,27419,0.0010388912334538
2013-01-01,COP,1163165,0.0640186427680117
2013-01-01,SCHW,316709,0.0640122185121426
2013-01-01,REGN,872589,0.0438143081774415
2013-01-01,T,732717,0.0427369726880166
2013-01-01,BEN,38777,0.0413792245811468
2013-01-01,TAP,24545,0.0396798580251218
2013-01-01,MU,723125,0.0384672178028249
2013-01-01,LSI,703360,0.0378903698550434
2013-01-01,EL,1001250,0.0349755288449147
2013-01-01,LDOS,1336920,0.0235674825896598
2013-01-01,GM,1467858,0.0204508151819962
2013-01-01,DE,315189,0.0202459687880188
2013-01-01,GL,320335,0.0191317367248667
2013-01-01,CINF,20286,0.0190611303642355
2013-01-01,WAT,1000697,0.0181073774306166
2013-01-01,RHT,1087423,0.0180938718070278
2013-01-01,AMZN,1018724,0.0179858212051098
2013-01-01,FDX,1048911,0.0178619446101314
2013-01-01,BSX,885725,0.0177752037047182
2013-01-01,ALXN,899866,0.0166115967374557
2013-01-01,LYB,1489393,0.0163312506204644
2013-01-01,MET,1099219,0.0154375047518624
2013-01-01,CMI,26172,0.0146424814278615
2013-01-01,VRSN,1014473,0.014624836372839
2013-01-01,NDAQ,1120193,0.0136985312651463
2013-01-01,SWY,86144,0.0126123874468522
2013-01-01,PLD,1045609,0.0115021412281307
2013-01-01,GRMN,1121788,0.0112586102216667
2013-01-01,NRG,1013871,0.0110195170392548
2013-01-01,ISRG,1035267,0.0109967930196131
2013-01-01,APTV,1521332,0.0105444050646103
2013-01-01,CCI,1051470,0.0101963167537614
2013-01-01,FFIV,1048695,0.0100613034305483
2013-01-01,KMB,55785,0.0096979128621204
2013-01-01,COG,858470,0.009351750382675
2013-01-01,OXY,797468,0.0091358255925742
2013-01-01,CTSH,1058290,0.0086955696292676
2013-01-01,STJ,203077,0.0085139491725571
2013-01-01,JCP,1166126,0.0084519079415275
2013-01-01,EOG,821189,0.0076052427640668
2013-01-01,CHRW,1043277,0.0073130896168257
2013-01-01,D,715957,0.0071421117726435
2013-01-01,ACN,1467373,0.0071023877869511
2013-01-01,EXPE,1324424,0.0066143000289961
2013-01-01,GILD,882095,0.0064146061768153
2013-01-01,UNH,731766,0.0063202379092303
2013-01-01,ED,1047862,0.0062356129422805
2013-01-01,SYY,96021,0.0061189598086836
2013-01-01,PCG,75488,0.0055579761837645
2013-01-01,AAPL,320193,0.0048567608568647
2013-01-01,NUE,73309,0.0048174444939816
2013-01-01,CNP,1130310,0.0047081538360162
2013-01-01,BDX,10795,0.0045420972594514
2013-01-01,GD,40533,0.0045127784371816
2013-01-01,PM,1413329,0.0044838436316499
2013-01-01,AVB,915912,0.0039193603549051
2013-01-01,YHOO,1011006,0.0038790116255176
2013-01-01,ATI,1018963,0.0036089095781676
2013-01-01,CAG,23217,0.0035876421344988
2013-01-01,AZO,866787,0.0034267820991307
2013-01-01,EBAY,1065088,0.003281826282431
2013-01-01,MPC,1510295,0.0032698977012556
2013-01-01,ELV,1156039,0.0030976609589404
2013-01-01,TMO,97745,0.0028163774607976
2013-01-01,DOV,29905,0.0026278699234961
2013-01-01,SO,92122,0.0024023190697746
2013-01-01,BK,1390777,0.002368958649857
2013-01-01,A,1090872,0.0022160675157065
2013-01-01,TT,1466258,0.0021791321039257
2013-01-01,PCAR,75362,0.0020246621978474
2013-01-01,MCO,1059556,0.0019727518543855
2013-01-01,CELG,816284,0.001931310459379
2013-01-01,LH,920148,0.0019207529410621
2013-01-01,PWR,1050915,0.001678998091216
2013-01-01,MMC,62709,0.0016764103433716
2013-01-01,LHX,202058,0.0016045599603775
2013-01-01,PG,80424,0.001477052111788
2013-01-01,PPG,0,0.0014338686963775
2013-01-01,HAL,45012,0.0014100659029916
2013-01-01,APD,2969,0.0012344700302634
2013-01-01,AMT,1053507,0.0012289906151867
2013-01-01,BIIB,875045,0.0011608358921555
2013-01-01,SAIC,90185,0.0011517156353937
2013-01-01,C,831001,0.000956775875761
2013-01-01,ROK,1024478,0.0009113907704726
2013-01-01,BAC,70858,0.000874869847731
2013-01-01,PNC,713676,0.0008743759067433
2013-01-01,PETM,863157,0.0007930619969588
2013-01-01,JOYG,801898,0.0007715722840099
2013-01-01,PLL,75829,0.0006902793715561
2013-01-01,XYL,1524472,0.0006424594462661
2013-01-01,TXT,217346,0.0005750751250673
2013-01-01,VFC,103379,0.0004783739301192
2013-01-01,HRS,202058,0.0003746172391805
2013-01-01,LMT,936468,0.0002665999648062
2013-01-01,MMM,66740,0.0002163999238874
2014-01-01,REGN,872589,0.0738332811319738
2014-01-01,ALL,899051,0.048648721821849
2014-01-01,PCAR,75362,0.044867401041688
2014-01-01,SLB,87347,0.0345511112039085
2014-01-01,ORCL,1341439,0.0329333933198358
2014-01-01,DLTR,935703,0.0328194873028902
2014-01-01,MPC,1510295,0.0308494441039287
2014-01-01,SRE,1032208,0.0300631176340414
2014-01-01,MS,895421,0.0290868002054732
2014-01-01,NDAQ,1120193,0.0288933641057541
2014-01-01,AKAM,1086222,0.0279453736965221
2014-01-01,JNPR,1043604,0.0264114435492766
2014-01-01,GRMN,1121788,0.0254376172180788
2014-01-01,CMCSA,1166691,0.0248848494634088
2014-01-01,FB,1326801,0.0240817367887937
2014-01-01,LYB,1489393,0.0226568149445221
2014-01-01,STX,1137789,0.0209008628032225
2014-01-01,EMR,32604,0.0195085865957025
2014-01-01,NVDA,1045810,0.0180788446899919
2014-01-01,TROW,1113169,0.0178583736911641
2014-01-01,COST,909832,0.0177865871125124
2014-01-01,CME,1156375,0.0154212065448268
2014-01-01,ALXN,899866,0.0150677163428988
2014-01-01,AMZN,1018724,0.0149179549787925
2014-01-01,GD,40533,0.0144126759669738
2014-01-01,TSN,100493,0.0135914599519414
2014-01-01,A,1090872,0.0130124165549138
2014-01-01,EOG,821189,0.0127068381486371
2014-01-01,MTB,36270,0.0122526324009774
2014-01-01,NOC,1133421,0.0117941333935819
2014-01-01,HAL,45012,0.01176709713656
2014-01-01,GIS,40704,0.011598430865132
2014-01-01,BBY,764478,0.0114964374516244
2014-01-01,CBG,1138118,0.0094032260749292
2014-01-01,TT,1466258,0.0092293442587218
2014-01-01,ISRG,1035267,0.009216358454638
2014-01-01,YHOO,1011006,0.0090906329013787
2014-01-01,EXE,895126,0.0080893316866057
2014-01-01,EXPE,1324424,0.0077799274824906
2014-01-01,GM,1467858,0.0075108522960556
2014-01-01,EQR,906107,0.0068220972308547
2014-01-01,ADP,8670,0.0067156318685535
2014-01-01,TSCO,916365,0.0061360554122412
2014-01-01,CTSH,1058290,0.0053525385052831
2014-01-01,LMT,936468,0.0053321622063548
2014-01-01,KEY,91576,0.0053012527842111
2014-01-01,PFG,1126328,0.0051330228222721
2014-01-01,KDP,1418135,0.004811325337109
2014-01-01,STJ,203077,0.0047836893146376
2014-01-01,BXP,1037540,0.0047257893222313
2014-01-01,UNH,731766,0.0046953082847119
2014-01-01,SPG,1063761,0.0046758345664866
2014-01-01,GE,40545,0.0046327197079493
2014-01-01,EBAY,1065088,0.0045712735719657
2014-01-01,BDX,10795,0.0045553209281901
2014-01-01,AMGN,318154,0.0041207766915459
2014-01-01,FFIV,1048695,0.0040374919953069
2014-01-01,K,55067,0.0040359568926133
2014-01-01,PEP,77476,0.0036102969511163
2014-01-01,TMO,97745,0.0032989318831307
2014-01-01,NTAP,1002047,0.0031910352445887
2014-01-01,ADBE,796343,0.0031823517669911
2014-01-01,AMP,820027,0.0031098786857986
2014-01-01,BK,1390777,0.0029334281667487
2014-01-01,DGX,1022079,0.0029270798925246
2014-01-01,NEE,753308,0.0026884371108399
2014-01-01,CAG,23217,0.0026437072077363
2014-01-01,COF,927628,0.0024020081512386
2014-01-01,MSI,68505,0.0023576648763347
2014-01-01,SYY,96021,0.0023110760097487
2014-01-01,PPG,79879,0.0022614934824795
2014-01-01,CL,21665,0.0021731137655114
2014-01-01,EXC,1109357,0.0021247244631345
2014-01-01,D,715957,0.002108881467114
2014-01-01,V,1403161,0.0020843009748061
2014-01-01,PKI,31791,0.00203705215693
2014-01-01,ALTR,768251,0.0019742937534678
2014-01-01,BMY,14272,0.0019016789211529
2014-01-01,C,831001,0.0018600100918467
2014-01-01,PETM,863157,0.0014896725990304
2014-01-01,IBM,51143,0.0014470368958468
2014-01-01,VAR,203527,0.0012307705106378
2014-01-01,APD,2969,0.0009125311790992
2014-01-01,PRU,1137774,0.0008444110334063
2015-01-01,REGN,872589,0.0664493884040884
2015-01-01,SPGI,64040,0.0596572590618247
2015-01-01,NDAQ,1120193,0.0535548936803303
2015-01-01,CAG,23217,0.0526588675505625
2015-01-01,AKAM,1086222,0.0457463197408856
2015-01-01,META,1326801,0.0447143582739418
2015-01-01,ISRG,1035267,0.0378123822545978
2015-01-01,YHOO,1011006,0.0360421425823076
2015-01-01,FIS,1136893,0.0335082742530587
2015-01-01,EOG,821189,0.0325076730113954
2015-01-01,LLY,59478,0.0315255636935243
2015-01-01,CRM,1108524,0.0292514519630242
2015-01-01,NVDA,1045810,0.0285120224660238
2015-01-01,MPC,1510295,0.0280290798856324
2015-01-01,WM,823768,0.0277763176839037
2015-01-01,MSFT,789019,0.026817484790424
2015-01-01,RSG,1060391,0.025942649559294
2015-01-01,AMZN,1018724,0.024115767219237
2015-01-01,CTAS,723254,0.0227263488599749
2015-01-01,PEP,77476,0.0223791372241091
2015-01-01,GRMN,1121788,0.0221085731645645
2015-01-01,PSA,1393311,0.0219497967696868
2015-01-01,PG,80424,0.0216986657823409
2015-01-01,VRTX,875320,0.0212080094799432
2015-01-01,FB,1326801,0.0152288191839854
2015-01-01,NRG,1013871,0.0123379733912071
2015-01-01,CVX,93410,0.011816657114816
2015-01-01,EBAY,1065088,0.0098511004733465
2015-01-01,PEG,788784,0.0098051665208431
2015-01-01,EMN,915389,0.00976752062867
2015-01-01,ZMH,1136869,0.0090119041721481
2015-01-01,JPM,19617,0.0068108891326942
2015-01-01,MU,723125,0.0062571979351836
2015-01-01,SIAL,90185,0.0056449123105712
2015-01-01,AVGO,1441634,0.0056083589472659
2015-01-01,MSI,68505,0.0051173845722142
2015-01-01,XYL,1524472,0.0047140763215855
2015-01-01,APD,2969,0.0046563399171825
2015-01-01,AXP,4962,0.0046256776694026
2015-01-01,EMR,32604,0.00455971118593
2015-01-01,TT,1466258,0.0043466709265455
2015-01-01,AIG,5272,0.0043404212266684
2015-01-01,GD,40533,0.0042998910698273
2015-01-01,EIX,827052,0.0041449157066472
2015-01-01,BKNG,1075531,0.0035930962214927
2015-01-01,ROK,1024478,0.0032935897686993
2015-01-01,MNK,1567892,0.0030791785342952
2015-01-01,NEE,753308,0.0028759889272435
2015-01-01,HIG,874766,0.0027984452651783
2015-01-01,PPL,922224,0.0027804230167229
2015-01-01,V,1403161,0.0026487335169994
2015-01-01,JNJ,200406,0.0024882995788872
2015-01-01,MON,1110783,0.0023378258736617
2015-01-01,ADBE,796343,0.0023043153991115
2015-01-01,MRK,310158,0.0021764198556614
2015-01-01,PCC,79958,0.0018634151468671
2015-01-01,TXT,217346,0.0017769945828042
2015-01-01,AMT,1053507,0.0015444565595969
2015-01-01,EQIX,1101239,0.0013259568420076
2015-01-01,UTX,101829,0.001201330816136
2015-01-01,UPS,1090727,0.0008946946357429
2015-01-01,YUM,1041061,0.0008646197187937
2015-01-01,HCP,765880,0.0005141999786853
2016-01-01,NVDA,1045810,0.0643697590183558
2016-01-01,MSFT,789019,0.0632513794977339
2016-01-01,SJM,91419,0.0502262713526688
2016-01-01,COP,1163165,0.0432647073860872
2016-01-01,AMZN,1018724,0.0427539597078742
2016-01-01,LLY,59478,0.042123350121832
2016-01-01,BEN,38777,0.0413247384490109
2016-01-01,BSX,885725,0.0394268947547302
2016-01-01,ATVI,718877,0.034399894515576
2016-01-01,CERN,804753,0.0276164430191066
2016-01-01,XYL,1524472,0.0266508879368447
2016-01-01,WBA,1618921,0.0243207932983894
2016-01-01,NOC,1133421,0.0234296103969396
2016-01-01,ISRG,1035267,0.0230847693805109
2016-01-01,NDAQ,1120193,0.0223305095724463
2016-01-01,BBY,764478,0.0218234783650006
2016-01-01,ICE,1571949,0.0208987463491374
2016-01-01,NFLX,1065280,0.0208844638210661
2016-01-01,FBHS,1519751,0.0207023982428297
2016-01-01,PSA,1393311,0.02045107249497
2016-01-01,MAR,1048286,0.0182116855142838
2016-01-01,TAP,24545,0.0164772369045372
2016-01-01,ALLE,1579241,0.015941699318818
2016-01-01,A,1090872,0.0140550421054077
2016-01-01,PEG,788784,0.0138636337710485
2016-01-01,MET,1099219,0.0134356517137605
2016-01-01,SLB,87347,0.0120127177806989
2016-01-01,MA,1141391,0.0119038821015083
2016-01-01,CINF,20286,0.0116561516757046
2016-01-01,XOM,34088,0.011501684684012
2016-01-01,RAI,1275283,0.0099386596583189
2016-01-01,WBD,1437107,0.0096911784115381
2016-01-01,WBD,1437107,0.0096911784115381
2016-01-01,FB,1326801,0.009553034710272
2016-01-01,D,715957,0.0093790466793965
2016-01-01,MS,895421,0.0091950170722487
2016-01-01,IP,51434,0.0091754892956087
2016-01-01,GE,40545,0.0072738364210476
2016-01-01,AEP,4904,0.007257225553959
2016-01-01,CAT,18230,0.0068349338435482
2016-01-01,CBRE,1138118,0.0062815553870835
2016-01-01,SRE,1032208,0.0060490295839827
2016-01-01,GIS,40704,0.0056971237377578
2016-01-01,BIIB,875045,0.0056326413320463
2016-01-01,PPL,922224,0.0052505050447361
2016-01-01,TPR,1116132,0.0046993291658585
2016-01-01,STT,93751,0.0044956288178403
2016-01-01,COF,927628,0.0043214605008326
2016-01-01,CB,896159,0.0043087540261247
2016-01-01,CSCO,858877,0.0042152209160505
2016-01-01,APD,2969,0.0041225526635065
2016-01-01,IVZ,914208,0.0038145371657544
2016-01-01,CCI,1051470,0.0037259647767924
2016-01-01,AFL,4977,0.0034693092480208
2016-01-01,KEY,91576,0.0032130421273879
2016-01-01,MRK,310158,0.0025679925716325
2016-01-01,EMN,915389,0.0024459618324102
2016-01-01,ALB,915913,0.0024061635378029
2016-01-01,PPG,79879,0.0021098765159901
2016-01-01,ZTS,1555280,0.0017631521250486
2016-01-01,PFG,1126328,0.0017566208402199
2016-01-01,AXP,4962,0.0017537521688231
2016-01-01,MDT,1613103,0.0016984118765965
2016-01-01,WELL,766704,0.0015864830239553
2016-01-01,KMB,55785,0.001470477750322
2016-01-01,CVS,64803,0.0013943345747653
2016-01-01,SYF,1601712,0.0013041416573266
2016-01-01,CHD,313927,0.0010668095113217
2016-01-01,MO,764180,0.0010636924484928
2016-01-01,MKC,63754,0.0009683502578244
2016-01-01,AMP,820027,0.0009576690530459
2016-01-01,HIG,874766,0.0008519178972528
2016-01-01,DLR,1297996,0.0008415255192512
2016-01-01,WLTW,1140536,0.0008145759582568
2016-01-01,PRU,1137774,0.0007765211951109
2016-01-01,MCO,1059556,0.0007218018824063
2017-01-01,FB,1326801,0.057583812425035
2017-01-01,GOOGL,1652044,0.0483508882000618
2017-01-01,COG,858470,0.0461121676776434
2017-01-01,CERN,804753,0.0407493531947489
2017-01-01,DLTR,935703,0.0406477973336817
2017-01-01,BEN,38777,0.0377432146634037
2017-01-01,BBY,764478,0.0333502192526513
2017-01-01,VRTX,875320,0.0321491986341858
2017-01-01,REGN,872589,0.0319165908916764
2017-01-01,PYPL,1633917,0.0304909531466952
2017-01-01,GE,40545,0.0298726321566247
2017-01-01,GM,1467858,0.0279477683795039
2017-01-01,INTU,896878,0.0271604423820751
2017-01-01,NVDA,1045810,0.0265389277446677
2017-01-01,AMZN,1018724,0.0258754380019821
2017-01-01,EMR,32604,0.0257674783824145
2017-01-01,WDC,106040,0.0245997087440437
2017-01-01,SPGI,64040,0.0244800713437268
2017-01-01,MET,1099219,0.0239696186451014
2017-01-01,JCI,833444,0.0230822444813442
2017-01-01,JNPR,1043604,0.0204871777844719
2017-01-01,BF.B,14693,0.0202976676788526
2017-01-01,MA,1141391,0.0201505206453968
2017-01-01,MU,723125,0.0191509284614641
2017-01-01,CPB,16732,0.0159837648248983
2017-01-01,EXR,1289490,0.0153248633930275
2017-01-01,GPN,1123360,0.0121444814982559
2017-01-01,VRSN,1014473,0.0118488669805505
2017-01-01,ALLE,1579241,0.0114020786246179
2017-01-01,MTD,1037646,0.0108239810767506
2017-01-01,BSX,885725,0.0100254514732672
2017-01-01,DTE,936340,0.0086588805511268
2017-01-01,SYMC,849399,0.0085386315899223
2017-01-01,GL,320335,0.0084533594226659
2017-01-01,CSX,277948,0.0083848755128366
2017-01-01,BA,12927,0.0080512115840123
2017-01-01,EW,1099800,0.0078895436763386
2017-01-01,A,1090872,0.0077417453498029
2017-01-01,APD,2969,0.0075815559546077
2017-01-01,KR,56873,0.0074816993872833
2017-01-01,AEE,1002910,0.0074581922267775
2017-01-01,CBRE,1138118,0.0070221860748775
2017-01-01,XEL,72903,0.0068467759285005
2017-01-01,NUE,73309,0.0059647445393679
2017-01-01,MON,1110783,0.0052326425240539
2017-01-01,WMB,107263,0.0050940801435483
2017-01-01,BIIB,875045,0.0043317374457016
2017-01-01,CVX,93410,0.0041119316487673
2017-01-01,EQIX,1101239,0.0040937006818611
2017-01-01,ALL,899051,0.0039288279907561
2017-01-01,CCI,1051470,0.0036415989986096
2017-01-01,EXC,1109357,0.0035024089461882
2017-01-01,EIX,827052,0.0034459264903222
2017-01-01,AAPL,320193,0.0033656007157965
2017-01-01,HIG,874766,0.0031696414241361
2017-01-01,COST,909832,0.0031661132601959
2017-01-01,AWK,1410636,0.0029718839559667
2017-01-01,PPL,922224,0.0027677374494981
2017-01-01,BAC,70858,0.002487907929402
2017-01-01,CL,21665,0.0022531524279533
2017-01-01,KMB,55785,0.0021622943824882
2017-01-01,FISV,798354,0.0018779145473435
2017-01-01,HPQ,47217,0.0016921446013016
2017-01-01,BMY,14272,0.0016695905420049
2017-01-01,IBM,51143,0.0016395485687912
2017-01-01,ADI,0,0.0016058056577872
2017-01-01,BK,1390777,0.0012280368285046
2017-01-01,AMP,820027,0.0012278308989581
2017-01-01,JNJ,200406,0.0011582501911129
2017-01-01,PM,1413329,0.0011545892808719
2017-01-01,AMT,1053507,0.0009173925471347
2018-01-01,AMZN,1018724,0.093386378707233
2018-01-01,MU,723125,0.0762855489719381
2018-01-01,ATVI,718877,0.0690045909935577
2018-01-01,PYPL,1633917,0.0658807340791928
2018-01-01,WBA,1618921,0.0637095271977387
2018-01-01,BEN,38777,0.051048950912435
2018-01-01,AKAM,1086222,0.0399503333085436
2018-01-01,NVDA,1045810,0.039934523650385
2018-01-01,MA,1141391,0.0392835965299353
2018-01-01,REGN,872589,0.0360764067149636
2018-01-01,NFLX,1065280,0.0246250127537653
2018-01-01,SLB,87347,0.0219512537373528
2018-01-01,META,1326801,0.0212164299197964
2018-01-01,WM,823768,0.0195052755374224
2018-01-01,EOG,821189,0.0193491260340082
2018-01-01,CVX,93410,0.0172191165284676
2018-01-01,RMD,943819,0.015924317636272
2018-01-01,LYB,1489393,0.0133401149646757
2018-01-01,VRSK,1442145,0.0130912695519926
2018-01-01,IQV,1478242,0.01263247122933
2018-01-01,PAYX,723531,0.0124382742606426
2018-01-01,VRTX,875320,0.0122257891170615
2018-01-01,SYK,310764,0.0114061313852256
2018-01-01,CNC,1071739,0.0099039456839758
2018-01-01,SBAC,1034054,0.009767154885651
2018-01-01,FDX,1048911,0.0096855535351004
2018-01-01,ISRG,1035267,0.0095483443464379
2018-01-01,LLY,59478,0.0094845122846336
2018-01-01,HST,1070750,0.0089143803231448
2018-01-01,PPL,922224,0.008911192745929
2018-01-01,AOS,91142,0.0082646783780658
2018-01-01,AWK,1410636,0.0081371249649224
2018-01-01,PLD,1045609,0.0075572102263566
2018-01-01,PCAR,75362,0.006652903689354
2018-01-01,A,1090872,0.0065622233556282
2018-01-01,MTD,1037646,0.0060257887384207
2018-01-01,CHRW,1043277,0.0056289931705655
2018-01-01,PH,76334,0.0051239302126569
2018-01-01,IDXX,874716,0.0050552162193392
2018-01-01,ALXN,899866,0.0049511830083028
2018-01-01,PPG,79879,0.0044966760838353
2018-01-01,PNW,764622,0.0042167530906086
2018-01-01,BR,1383312,0.0040683722370641
2018-01-01,JPM,19617,0.0040158449391373
2018-01-01,ED,1047862,0.0040032488190246
2018-01-01,XYL,1524472,0.0038420688363959
2018-01-01,COST,909832,0.0037046027105961
2018-01-01,ADI,6281,0.0036146527086223
2018-01-01,PEG,788784,0.0035260329068426
2018-01-01,NOC,0,0.0034652912253689
2018-01-01,IP,51434,0.0029722710249234
2018-01-01,AMAT,6951,0.0029154746345707
2018-01-01,PM,1413329,0.002619600385312
2018-01-01,HPQ,47217,0.0025556015563781
2018-01-01,SO,92122,0.0025413554735184
2018-01-01,AAPL,320193,0.0025221820097313
2018-01-01,EXC,1109357,0.0022178100146498
2018-01-01,HIG,874766,0.0020991090293681
2018-01-01,SWK,93556,0.0020895759125356
2018-01-01,SYY,96021,0.0016999283865758
2018-01-01,TXT,217346,0.0016785070782752
2018-01-01,V,1403161,0.0016450432246321
2018-01-01,CLX,21076,0.001303277843258
2018-01-01,ALLE,1579241,0.0012472174620002
2018-01-01,TGT,27419,0.0012350661866102
2018-01-01,LH,920148,0.0012163427276613
2018-01-01,EMN,915389,0.0011545908541314
2018-01-01,RTX,101829,0.0011000596337581
2018-01-01,VMC,1396009,0.0010023459930152
2018-01-01,DLR,1297996,0.0009013660802424
2018-01-01,AMT,1053507,0.0008946403352525
2018-01-01,CAT,18230,0.0008078216199129
2018-01-01,MDT,1613103,0.0007812218182173
2018-01-01,CELG,816284,0.0007736885771698
2018-01-01,ELV,1156039,0.0007359807089959
2018-01-01,ZTS,1555280,0.000676868381385
2019-01-01,ATVI,718877,0.0605252458093908
2019-01-01,GRMN,1121788,0.0573289727675993
2019-01-01,WBA,1618921,0.0400161309906276
2019-01-01,NDAQ,1120193,0.0396576456694644
2019-01-01,AMZN,1018724,0.039656513321056
2019-01-01,HES,4447,0.0390668678024449
2019-01-01,META,1326801,0.0357233995224451
2019-01-01,MA,1141391,0.0306742980273082
2019-01-01,REGN,872589,0.0302918147454455
2019-01-01,WMT,104169,0.0294519350632019
2019-01-01,VRSK,1442145,0.0287332921723152
2019-01-01,PYPL,1633917,0.0281229734615297
2019-01-01,FTNT,1262039,0.0277277914535908
2019-01-01,ANET,1596532,0.0260666690572736
2019-01-01,AMD,2488,0.0255018937749509
2019-01-01,CERN,804753,0.0226265127104531
2019-01-01,MS,895421,0.0218573107519868
2019-01-01,ALGN,1097149,0.0207898267066488
2019-01-01,BEN,38777,0.018078461213673
2019-01-01,MTD,1037646,0.0173043208764536
2019-01-01,NVDA,1045810,0.0171308013911691
2019-01-01,LYB,1489393,0.0158062933472685
2019-01-01,CMI,26172,0.0149049279067288
2019-01-01,HSIC,1000228,0.0139089241945301
2019-01-01,JNPR,1043604,0.0138362211338058
2019-01-01,IT,749251,0.0136548414528186
2019-01-01,D,715957,0.0126597249579802
2019-01-01,FB,1326801,0.0122997804982472
2019-01-01,FLT,1175454,0.0109319277056952
2019-01-01,RHT,1087423,0.0098623819309535
2019-01-01,PCAR,75362,0.0090773097100304
2019-01-01,J,52988,0.0089919196018103
2019-01-01,NLOK,849399,0.0089373429011097
2019-01-01,CBRE,1138118,0.0088540522173928
2019-01-01,IDXX,874716,0.0085111505270973
2019-01-01,RMD,943819,0.0084318122305196
2019-01-01,CBG,1138118,0.0082707045691155
2019-01-01,SBAC,1034054,0.0081803692658628
2019-01-01,PEG,788784,0.0075391810408973
2019-01-01,CDNS,813672,0.0069309699092243
2019-01-01,CMS,811156,0.0069285179542585
2019-01-01,AOS,91142,0.0067847981263696
2019-01-01,CBOE,1374310,0.0059415845520108
2019-01-01,ARE,1035443,0.0057187845394146
2019-01-01,SPGI,64040,0.0056159170609732
2019-01-01,PM,1413329,0.0047392173693058
2019-01-01,HOLX,859737,0.0045814439158438
2019-01-01,PNR,77360,0.0043829294317687
2019-01-01,PH,76334,0.0040950294669915
2019-01-01,HAL,45012,0.0040251830700339
2019-01-01,LRCX,707549,0.0039574821355743
2019-01-01,GILD,882095,0.0036307847342992
2019-01-01,XLNX,743988,0.0035116642962885
2019-01-01,LMT,936468,0.0034923896536614
2019-01-01,PWR,1050915,0.0034435573614543
2019-01-01,ADBE,796343,0.0032866978395716
2019-01-01,AES,874761,0.0032843752173909
2019-01-01,JEC,52988,0.0031822736105861
2019-01-01,ROK,1024478,0.0031722962714266
2019-01-01,ALB,915913,0.0031561579588936
2019-01-01,FFIV,1048695,0.0029964731354717
2019-01-01,DD,1666700,0.0028644120748911
2019-01-01,ANSS,1013462,0.0028623150013517
2019-01-01,MU,723125,0.0028601216062065
2019-01-01,AMGN,318154,0.0027123065956298
2019-01-01,CVX,93410,0.0025907978953274
2019-01-01,LNT,352541,0.0024592533725294
2019-01-01,WEC,783325,0.0019944014961648
2019-01-01,APD,2969,0.0019774475139669
2019-01-01,ITW,49826,0.001964454811983
2019-01-01,KEY,91576,0.0019009667249769
2019-01-01,PEP,77476,0.0018335456854628
2019-01-01,ADI,6281,0.0017060845618321
2019-01-01,RTX,101829,0.0017057238591457
2019-01-01,TT,1466258,0.0016868938640259
2019-01-01,KLAC,319201,0.0016475534164758
2019-01-01,TXT,217346,0.0016405469665578
2019-01-01,CSCO,858877,0.0015426012399351
2019-01-01,ED,1047862,0.0015032968892497
2019-01-01,AEP,4904,0.0015018846136334
2019-01-01,BAX,10456,0.0014101532558699
2019-01-01,BDX,10795,0.0013055513959373
2019-01-01,PNC,713676,0.0012650784228048
2019-01-01,BMY,14272,0.0012634985827054
2019-01-01,JNJ,200406,0.0012354308125756
2019-01-01,V,1403161,0.001187842236505
2019-01-01,DAL,27904,0.0011641596704343
2019-01-01,ADP,8670,0.0010661684702736
2019-01-01,SWKS,4127,0.0009382955070737
2019-01-01,WEY,106535,0.0009379400229978
2019-01-01,INTC,50863,0.0009171653139209
2019-01-01,AMT,1053507,0.0005040380278462
2020-01-01,GOOGL,1652044,0.0623507085815792
2020-01-01,GOOGL,1652044,0.0623507085815792
2020-01-01,REGN,872589,0.0547110766206675
2020-01-01,WBA,1618921,0.0522601225380445
2020-01-01,GRMN,1121788,0.051105515714142
2020-01-01,AMZN,1018724,0.0423119639065169
2020-01-01,ANET,1596532,0.035949342356714
2020-01-01,ISRG,1035267,0.0331061395805483
2020-01-01,AVGO,1730168,0.0326285967066912
2020-01-01,INTU,896878,0.0317992140381276
2020-01-01,LLY,59478,0.0302944347581033
2020-01-01,GWW,277135,0.0289277785664326
2020-01-01,JNPR,1043604,0.0284385608099912
2020-01-01,MS,895421,0.0282213031033822
2020-01-01,XOM,34088,0.0261576839639696
2020-01-01,CRM,1108524,0.0243212866867794
2020-01-01,PYPL,1633917,0.0239481579369685
2020-01-01,MSCI,1408198,0.0236696193049655
2020-01-01,FTNT,1262039,0.0228922027652578
2020-01-01,NVDA,1045810,0.0209514475206994
2020-01-01,NDAQ,1120193,0.0169691271150125
2020-01-01,EQIX,1101239,0.0157396893740958
2020-01-01,EMN,915389,0.0146333990152531
2020-01-01,GS,886982,0.0146315699190237
2020-01-01,KR,56873,0.0117430504741322
2020-01-01,VRSN,1014473,0.0110059889681748
2020-01-01,AEE,1002910,0.0109331838323454
2020-01-01,ROK,1024478,0.0094914532474497
2020-01-01,CCI,1051470,0.0090800683066596
2020-01-01,APTV,1521332,0.0079888759984755
2020-01-01,EFX,33185,0.0079209812304521
2020-01-01,SNPS,883241,0.007715001942424
2020-01-01,ICE,1571949,0.0074361368813057
2020-01-01,KO,21344,0.0070242669454909
2020-01-01,DTE,936340,0.0061642468980857
2020-01-01,RMD,943819,0.0060164471959407
2020-01-01,AES,874761,0.0056139174429289
2020-01-01,PH,76334,0.0054657456992732
2020-01-01,LMT,936468,0.0053332338769085
2020-01-01,ADP,8670,0.0053306447319188
2020-01-01,VRTX,875320,0.0050785082548748
2020-01-01,EXPD,746515,0.0050168541457213
2020-01-01,EXC,1109357,0.0048095668908149
2020-01-01,GILD,882095,0.0048049435760751
2020-01-01,EW,1099800,0.0047173807341458
2020-01-01,NLSN,1492633,0.0042219594992689
2020-01-01,GPN,1123360,0.004110292446185
2020-01-01,COF,927628,0.0039712479174746
2020-01-01,AMCR,1748790,0.0038198473100598
2020-01-01,GD,40533,0.0036398149530668
2020-01-01,AVB,915912,0.00354227130703
2020-01-01,FIS,1136893,0.0034385655812878
2020-01-01,PFG,0,0.0032508626497541
2020-01-01,AMAT,6951,0.0030686618354614
2020-01-01,PPG,79879,0.003048277081953
2020-01-01,PEP,77476,0.0030144225547118
2020-01-01,CB,896159,0.0030076296547606
2020-01-01,AWK,1410636,0.0028565842600465
2020-01-01,LIN,1707925,0.0026820161208178
2020-01-01,DUK,1326160,0.0020951030245597
2020-01-01,LRCX,707549,0.0019820740583433
2020-01-01,HON,773840,0.0019449667786481
2020-01-01,AMGN,318154,0.0018998976183333
2020-01-01,D,715957,0.0018971412570853
2020-01-01,TXT,217346,0.0017995330010337
2020-01-01,PNC,713676,0.0017466167647165
2020-01-01,ADBE,796343,0.0016857822740829
2020-01-01,FFIV,1048695,0.0016408543485513
2020-01-01,SWK,93556,0.0016378049998619
2020-01-01,INTC,50863,0.0015273868960015
2020-01-01,TMO,97745,0.001498272253957
2020-01-01,UAL,100517,0.0014533333619196
2020-01-01,DAL,27904,0.0014247887444141
2020-01-01,C,831001,0.0010338447084679
2021-01-01,AMZN,1018724,0.1128750036865887
2021-01-01,AVGO,1730168,0.1091374627404397
2021-01-01,ANET,1596532,0.0840184470109162
2021-01-01,GOOGL,1652044,0.0636945032573922
2021-01-01,GOOGL,1652044,0.0636945032573922
2021-01-01,WAT,1000697,0.0568602476655655
2021-01-01,BEN,38777,0.0343753075344234
2021-01-01,PAYC,1590955,0.0320225747934352
2021-01-01,UNH,731766,0.0308532581211247
2021-01-01,WMT,104169,0.0242207993691304
2021-01-01,PAYX,723531,0.0231740839855155
2021-01-01,GS,886982,0.0224257583665436
2021-01-01,SNPS,883241,0.0197584785682531
2021-01-01,MRK,310158,0.0182179221495313
2021-01-01,K,55067,0.0163878740959843
2021-01-01,CNP,1130310,0.015590081887021
2021-01-01,MKTX,1278021,0.0149032376387329
2021-01-01,NDAQ,1120193,0.0147100451626316
2021-01-01,HAL,45012,0.0143170159749098
2021-01-01,RJF,720005,0.0141755652091677
2021-01-01,XOM,34088,0.0127726201316178
2021-01-01,AFL,4977,0.0127593561501552
2021-01-01,PFE,78003,0.0119778539156711
2021-01-01,MOS,1285785,0.0118038825564007
2021-01-01,MSCI,1408198,0.010303056527336
2021-01-01,FDX,1048911,0.0095555246734198
2021-01-01,REG,910606,0.0088958385459143
2021-01-01,FTV,1659166,0.0088734170346352
2021-01-01,JNJ,200406,0.0087171828880201
2021-01-01,CBRE,1138118,0.0086200236163847
2021-01-01,GPN,1123360,0.0072314811587659
2021-01-01,KR,56873,0.0063399011396905
2021-01-01,EL,1001250,0.0063287565829424
2021-01-01,IFF,51253,0.0059254235641551
2021-01-01,LRCX,707549,0.0053287823337904
2021-01-01,HBAN,49196,0.0052332494193679
2021-01-01,ECL,31462,0.0050585254057498
2021-01-01,PCAR,75362,0.0047539268187734
2021-01-01,ANSS,1013462,0.0042728100425923
2021-01-01,STT,93751,0.0039344965933588
2021-01-01,AAPL,320193,0.0038781125351207
2021-01-01,J,52988,0.0034410336423809
2021-01-01,ATO,731802,0.0032248331956647
2021-01-01,CL,21665,0.0031655497012878
2021-01-01,KO,21344,0.0029719066372263
2021-01-01,JKHY,779152,0.0029206966877323
2021-01-01,AWK,1410636,0.0021146083755982
2021-01-01,HIG,874766,0.0021136786804602
2021-01-01,CLX,21076,0.0020854678185155
2021-01-01,FRT,34903,0.0019956638583613
2021-01-01,CB,896159,0.0018127120604471
2021-01-01,WELL,766704,0.0016466175174246
2021-01-01,EVRG,1711269,0.001555212822411
2021-01-01,AES,874761,0.0015370143204735
2021-01-01,TT,1466258,0.0014475170937285
2021-01-01,O,726728,0.0013634053889571
2021-01-01,PYPL,1633917,0.0012740923785556
2021-01-01,SWK,93556,0.001204456700051
2021-01-01,SPGI,64040,0.0012010522750214
2021-01-01,SRE,1032208,0.0011887797485325
2021-01-01,CMS,811156,0.0011689542239728
2021-01-01,MCO,1059556,0.0011268557717498
2021-01-01,DUK,1326160,0.001121206176636
2021-01-01,ADP,8670,0.0011035620534396
2021-01-01,EFX,33185,0.0009629808317042
2021-01-01,DLR,1297996,0.0009245927402448
2021-01-01,AXP,4962,0.0008852795459282
2021-01-01,GE,40545,0.0008029761699721
2021-01-01,IEX,832101,0.0007514303962321
2021-01-01,DOW,1751788,0.0007341228187592
2021-01-01,MMC,62709,0.0007280658348888
2021-01-01,DRE,783280,0.0006819699811699
2021-01-01,BA,12927,0.0006553563027391
2021-01-01,XYL,1524472,0.0006493840428389
2021-01-01,AMT,1053507,0.0005545700770836
2021-01-01,NEM,1164727,0.0005357110691389
2021-01-01,CTVA,1755672,0.0003722909521079
2022-01-01,ANET,1596532,0.1143410066897059
2022-01-01,AMZN,1018724,0.0970861429994714
2022-01-01,GOOGL,1652044,0.0862823868878503
2022-01-01,FTNT,1262039,0.0665004917750926
2022-01-01,CPB,16732,0.045820653396558
2022-01-01,MRNA,1682852,0.0409887690252539
2022-01-01,WAB,943452,0.034969031162265
2022-01-01,OXY,797468,0.0349495713766304
2022-01-01,FISV,798354,0.0338999446366095
2022-01-01,REGN,872589,0.0297686453588765
2022-01-01,NRG,1013871,0.0290863315858278
2022-01-01,JNPR,1043604,0.0278197053246513
2022-01-01,ECL,31462,0.0221533677947484
2022-01-01,NDAQ,1120193,0.0199041870978157
2022-01-01,RJF,720005,0.0185400920897097
2022-01-01,HCA,860730,0.016127235728994
2022-01-01,HOLX,859737,0.0148047329696371
2022-01-01,TECH,842023,0.0142914635308256
2022-01-01,KR,56873,0.0136826629331682
2022-01-01,COF,927628,0.0135069547960292
2022-01-01,PWR,1050915,0.0117272525362592
2022-01-01,REG,910606,0.0114871984560986
2022-01-01,JPM,19617,0.0110770265712492
2022-01-01,AON,315293,0.0094396915270313
2022-01-01,PSA,1393311,0.0091972402221364
2022-01-01,NTRS,73124,0.0081243529602305
2022-01-01,ISRG,1035267,0.0078975503370345
2022-01-01,JCI,833444,0.0076067825010898
2022-01-01,PH,76334,0.0074315269958265
2022-01-01,CI,1739940,0.0070884515602377
2022-01-01,SBAC,1034054,0.0063594924566194
2022-01-01,NLOK,849399,0.0058106980041421
2022-01-01,HWM,4281,0.0054948807057633
2022-01-01,FIS,1136893,0.0054592540610402
2022-01-01,MU,723125,0.005436852406473
2022-01-01,CB,896159,0.0052649035975246
2022-01-01,AIZ,1267238,0.0052439880477252
2022-01-01,DG,29534,0.0042170907698972
2022-01-01,FFIV,1048695,0.0040570058822902
2022-01-01,WST,105770,0.0038513253937476
2022-01-01,ZBRA,877212,0.0037953080545453
2022-01-01,BIIB,875045,0.0037416600229347
2022-01-01,GPN,1123360,0.0036531774833595
2022-01-01,IQV,1478242,0.0034129758711579
2022-01-01,AAPL,320193,0.0033473071062392
2022-01-01,EW,1099800,0.0032651176114246
2022-01-01,FDS,1013237,0.0031482680494186
2022-01-01,ROK,1024478,0.0030733796640947
2022-01-01,MKC,63754,0.0029067105029908
2022-01-01,PG,80424,0.0028018861388178
2022-01-01,SLB,87347,0.0027987625533866
2022-01-01,RTX,101829,0.0027943976897314
2022-01-01,CAT,18230,0.00256723578927
2022-01-01,CL,21665,0.0025458312642545
2022-01-01,XYL,1524472,0.0022919773551997
2022-01-01,ADP,8670,0.002193425026809
2022-01-01,DTE,936340,0.0021483103076489
2022-01-01,HIG,874766,0.0020954602756911
2022-01-01,SWK,93556,0.0020859817623206
2022-01-01,STE,1757898,0.0020673726500306
2022-01-01,PFE,78003,0.0019526398586331
2022-01-01,NSC,702165,0.0019392385880431
2022-01-01,IR,1699150,0.0018238724489196
2022-01-01,PKI,31791,0.0017854405910518
2022-01-01,HAL,45012,0.0017559675222987
2022-01-01,ZTS,1555280,0.0016575000819052
2022-01-01,CVX,93410,0.0016503504130817
2022-01-01,AXP,4962,0.0015815444265709
2022-01-01,PYPL,1633917,0.0015180179574223
2022-01-01,PLD,1045609,0.0015015508823627
2022-01-01,AMGN,318154,0.0014597303565988
2022-01-01,APD,2969,0.0013867801698819
2022-01-01,AIG,5272,0.0012449628016058
2022-01-01,NEE,753308,0.0012237250219123
2022-01-01,EIX,827052,0.0011391008141189
2022-01-01,LIN,1707925,0.0009082189983854
2022-01-01,WEC,783325,0.0008910178848238
2022-01-01,EQIX,1101239,0.0006710070314631
2022-01-01,PPG,79879,0.0003788468194543
2023-01-01,META,1326801,0.0836699891662634
2023-01-01,TSLA,1318605,0.0765277990940334
2023-01-01,MPWR,1280452,0.0588207315693593
2023-01-01,MRNA,1682852,0.0523639987485107
2023-01-01,MNST,865752,0.0414444981099859
2023-01-01,INTU,896878,0.038371755701711
2023-01-01,EPAM,1352010,0.0362387054526692
2023-01-01,DHR,313616,0.0357894028409663
2023-01-01,AMZN,1018724,0.0320459500615074
2023-01-01,FTNT,1262039,0.030601105534237
2023-01-01,ANET,1596532,0.0263461168069132
2023-01-01,CVX,93410,0.0248991392101382
2023-01-01,NDSN,72331,0.0238490402063823
2023-01-01,FDX,1048911,0.0231828608759651
2023-01-01,NDAQ,1120193,0.0226646611271901
2023-01-01,CI,1739940,0.0196797336619605
2023-01-01,BEN,38777,0.0194979642029
2023-01-01,TYL,860731,0.0191387025776316
2023-01-01,CSGP,1057352,0.0171421249438702
2023-01-01,MA,1141391,0.0154945663016049
2023-01-01,ECL,31462,0.0152792249057445
2023-01-01,ACGL,947484,0.0145599192936542
2023-01-01,MKTX,1278021,0.0137957821074196
2023-01-01,ISRG,1035267,0.0130457683191935
2023-01-01,GPN,1123360,0.0104216714293331
2023-01-01,JNPR,1043604,0.0102269314790272
2023-01-01,EL,1001250,0.0098469782208431
2023-01-01,WAB,943452,0.0091472133071978
2023-01-01,TROW,1113169,0.008909983532497
2023-01-01,MRO,101778,0.0083423252927999
2023-01-01,DUK,1326160,0.008065734313216
2023-01-01,AVGO,1730168,0.0077113130604794
2023-01-01,WDC,106040,0.0074158354730329
2023-01-01,CMS,811156,0.0070982486223515
2023-01-01,KR,56873,0.0070770206556032
2023-01-01,NOW,1373715,0.0069181948148614
2023-01-01,FFIV,1048695,0.0067616922732205
2023-01-01,VLO,1035002,0.0065776049786353
2023-01-01,ALLE,1579241,0.0062617071879089
2023-01-01,SNPS,883241,0.0062557745761161
2023-01-01,EXPD,746515,0.0049900592613641
2023-01-01,CFG,759944,0.0048730723810007
2023-01-01,VRTX,875320,0.0047780493766554
2023-01-01,HBAN,49196,0.0045740974634114
2023-01-01,STX,1137789,0.0045397326102993
2023-01-01,ADBE,796343,0.0044868384872327
2023-01-01,AMT,1053507,0.0044539185998954
2023-01-01,AES,874761,0.0044344685586172
2023-01-01,NOC,1133421,0.0044184417565116
2023-01-01,UNH,731766,0.0043124865223866
2023-01-01,AMD,2488,0.0039889546569365
2023-01-01,APH,820313,0.0035177277296956
2023-01-01,SO,92122,0.0033286381810505
2023-01-01,INTC,50863,0.0032195070864013
2023-01-01,SYY,96021,0.0031315836058869
2023-01-01,MDT,1613103,0.0029587860656452
2023-01-01,ELV,1156039,0.00285387110097
2023-01-01,GIS,40704,0.0026056814673325
2023-01-01,PPL,922224,0.0023893009220192
2023-01-01,NI,1111711,0.0022628662782467
2023-01-01,PYPL,1633917,0.002122427428758
2023-01-01,AEP,4904,0.0021159278709343
2023-01-01,FTV,1659166,0.0020120177707808
2023-01-01,CDAY,1725057,0.0019574789296659
2023-01-01,CAT,18230,0.0018394967160966
2023-01-01,MOS,1285785,0.0017899155006563
2023-01-01,PG,80424,0.0017496625427243
2023-01-01,DOW,1751788,0.0016943917868672
2023-01-01,EMR,32604,0.0016506584480245
2023-01-01,O,726728,0.0016456825721849
2023-01-01,DLR,1297996,0.0016273482727332
2023-01-01,ROK,1024478,0.0016097361965598
2023-01-01,UAL,100517,0.0014659467056209
2023-01-01,LHX,202058,0.0014366408875526
2023-01-01,FITB,35527,0.0014167275118206
2023-01-01,CTVA,1755672,0.0014018413310634
2023-01-01,DD,1666700,0.0013465014974787
2023-01-01,ADSK,769397,0.0013151981916887
2023-01-01,NTAP,1002047,0.0013121079049815
2023-01-01,XYL,1524472,0.0012633899807224
2023-01-01,NEM,1164727,0.0011827330013299
2023-01-01,KLAC,319201,0.0011782442165349
2023-01-01,UPS,1090727,0.0011654685315185
2023-01-01,AAPL,320193,0.0009969676168957
2023-01-01,GS,886982,0.0009181429931932
2023-01-01,BK,1390777,0.0008886408536534
2023-01-01,FDS,1013237,0.0007681382037335
2023-01-01,TRV,86312,0.0007541257333038
2023-01-01,CBOE,1374310,0.0006280664264629
2023-01-01,MCO,1059556,0.0006113713755631
2023-01-01,WFC,72971,0.0005291508523985
2024-01-01,ANET,1596532,0.0841464343358271
2024-01-01,FTNT,1262039,0.0599058408037481
2024-01-01,CRM,1108524,0.0557273457897734
2024-01-01,TSLA,1318605,0.0522853670921812
2024-01-01,INTU,896878,0.0511357704012224
2024-01-01,DIS,1744489,0.0500714549714493
2024-01-01,GOOGL,1652044,0.0454785196009816
2024-01-01,BEN,38777,0.0435599938265771
2024-01-01,NDSN,72331,0.0423521326821163
2024-01-01,KDP,1418135,0.0387569346033221
2024-01-01,REGN,872589,0.0323048120820522
2024-01-01,ABNB,1559720,0.0306464958697523
2024-01-01,MRNA,1682852,0.0262980507580739
2024-01-01,AMZN,1018724,0.022037076466888
2024-01-01,FLT,1175454,0.0215611183753986
2024-01-01,MSFT,789019,0.0214945107476019
2024-01-01,SYK,310764,0.0203697990579276
2024-01-01,SLB,87347,0.0203511894405177
2024-01-01,MSCI,1408198,0.0182483280746668
2024-01-01,XOM,34088,0.0179410709266631
2024-01-01,PCG,1004980,0.0168819284712367
2024-01-01,KIM,879101,0.0161408358762757
2024-01-01,MS,895421,0.0157894624924391
2024-01-01,IP,51434,0.0125903993515087
2024-01-01,TXT,217346,0.011238629436211
2024-01-01,STX,1137789,0.0111137992599291
2024-01-01,FFIV,1048695,0.0095566496952005
2024-01-01,MU,723125,0.0090459669545119
2024-01-01,TECH,842023,0.0086852956149827
2024-01-01,KMB,55785,0.007851730010618
2024-01-01,ADP,8670,0.0059737092435493
2024-01-01,PG,80424,0.0057834520808534
2024-01-01,STT,93751,0.0057480985778278
2024-01-01,ADSK,769397,0.005050608051528
2024-01-01,LIN,1707925,0.0045330048498433
2024-01-01,ROK,1024478,0.0044165208996205
2024-01-01,SYF,1601712,0.0043825399281296
2024-01-01,JKHY,779152,0.0043792191076124
2024-01-01,INTC,50863,0.0042984442861057
2024-01-01,ADI,6281,0.0038836997223688
2024-01-01,ZBH,1136869,0.0038693128033915
2024-01-01,KLAC,319201,0.0038533174017392
2024-01-01,CTSH,1058290,0.0038127354539716
2024-01-01,TGT,27419,0.0037906651112068
2024-01-01,CCI,1051470,0.003593064733817
2024-01-01,ROP,882835,0.0035186323440945
2024-01-01,GS,886982,0.0033814155011062
2024-01-01,EL,1001250,0.0030904934327801
2024-01-01,DOW,1751788,0.002984616355372
2024-01-01,EMR,32604,0.0029698755317734
2024-01-01,ZTS,1555280,0.00281931303195
2024-01-01,FTV,1659166,0.0027508744079586
2024-01-01,CMS,811156,0.0027280007766321
2024-01-01,GE,40545,0.0025896240444654
2024-01-01,RTX,101829,0.0025683347438614
2024-01-01,FAST,815556,0.0025617966889294
2024-01-01,HON,773840,0.0024824746135699
2024-01-01,EFX,33185,0.002379372923271
2024-01-01,MRK,310158,0.0023331451470665
2024-01-01,WAT,1000697,0.0020291333398901
2024-01-01,BK,1390777,0.0017933342074587
2024-01-01,BMY,14272,0.0017507347434589
2024-01-01,VRTX,875320,0.0017196968807535
2024-01-01,DUK,1326160,0.0017118948682342
2024-01-01,RF,1281761,0.0014112507863755
2024-01-01,V,1403161,0.0013750667254897
2024-01-01,MMC,62709,0.0013700564480443
2024-01-01,PLD,1045609,0.0013296225504929
2024-01-01,PFE,78003,0.0013184831604184
2024-01-01,WELL,766704,0.0013136645657425
2024-01-01,SPGI,64040,0.0009728282582583
2024-01-01,AES,874761,0.0007423092351513
2024-01-01,D,715957,0.0005873008467117
2024-01-01,WEC,783325,0.0004813185194667
2025-01-01,GM,1467858,0.1046341466276229
2025-01-01,GOOGL,1652044,0.094578313253012
2025-01-01,ADBE,796343,0.0447919731741666
2025-01-01,CDNS,813672,0.0420301607101683
2025-01-01,LRCX,707549,0.040803110642458
2025-01-01,ACN,1467373,0.0386649025415815
2025-01-01,NTAP,1002047,0.0368866251756903
2025-01-01,ANSS,1013462,0.0360748383547673
2025-01-01,QCOM,804328,0.0327889459632337
2025-01-01,INTC,50863,0.0312514407660082
2025-01-01,PM,1413329,0.0262170640674721
2025-01-01,KMB,55785,0.02482090749356
2025-01-01,A,1090872,0.0153992551426123
2025-01-01,SLB,87347,0.0138367405447699
2025-01-01,VRTX,875320,0.0135516021491869
2025-01-01,WST,105770,0.012421046401588
2025-01-01,JNJ,200406,0.0123983312395204
2025-01-01,WAT,1000697,0.0121843944827487
2025-01-01,EMR,32604,0.0119642293685002
2025-01-01,ISRG,1035267,0.0115040299303095
2025-01-01,ELV,1156039,0.0108405810812048
2025-01-01,HIG,874766,0.0105528267765691
2025-01-01,MDT,1613103,0.0095950081409762
2025-01-01,CVX,93410,0.0093399477956054
2025-01-01,BA,12927,0.009296060699401
2025-01-01,VLO,1035002,0.0089518257158494
2025-01-01,PRU,1137774,0.0088498698976225
2025-01-01,ADP,8670,0.0084448006221714
2025-01-01,PH,76334,0.0078567099270247
2025-01-01,DLR,1297996,0.0077654002377874
2025-01-01,UAL,100517,0.0077511450861948
2025-01-01,NSC,702165,0.006731034171818
2025-01-01,STT,93751,0.0065525952114076
2025-01-01,EIX,827052,0.0064727757387468
2025-01-01,TSLA,1318605,0.0064100300792043
2025-01-01,HON,773840,0.0062110971222216
2025-01-01,LMT,936468,0.0060175670617749
2025-01-01,BAC,70858,0.0059671669568249
2025-01-01,FDS,1013237,0.0058383824265376
2025-01-01,ALLE,1579241,0.005824403429804
2025-01-01,AXP,4962,0.005767479748634
2025-01-01,PFG,1126328,0.0056630233192759
2025-01-01,EXPD,746515,0.0056458088938404
2025-01-01,COF,927628,0.0056131785374553
2025-01-01,TT,1466258,0.0055234845512727
2025-01-01,PNC,713676,0.0054249234305272
2025-01-01,NUE,73309,0.0052920804624672
2025-01-01,C,831001,0.0052200656767267
2025-01-01,LNT,352541,0.0050366387626268
2025-01-01,FIS,1136893,0.0048784088349083
2025-01-01,EQIX,1101239,0.0047420935735604
2025-01-01,V,1403161,0.0047100914032319
2025-01-01,ICE,1571949,0.0045287092676439
2025-01-01,IVZ,914208,0.0044855643200555
2025-01-01,CCI,1051470,0.004232732603332
2025-01-01,BK,1390777,0.0042073305809632
2025-01-01,WTW,1140536,0.0041758157045796
2025-01-01,AMT,1053507,0.0040429061154404
2025-01-01,GPN,1123360,0.0039398872968503
2025-01-01,AMP,820027,0.0039206817936847
2025-01-01,KEY,91576,0.0038226271260509
2025-01-01,PPL,922224,0.0037579230142686
2025-01-01,DOW,1751788,0.003730034069109
2025-01-01,TRV,86312,0.0034821328748106
2025-01-01,AMCR,1748790,0.0034167868572812
2025-01-01,EMN,915389,0.0033550443791822
2025-01-01,FTNT,1262039,0.0033455776390392
2025-01-01,PLTR,1321655,0.0031741496582977
2025-01-01,CBOE,1374310,0.0031655466712561
2025-01-01,INTU,896878,0.0029516654434397
2025-01-01,AVGO,1730168,0.0029102893404567
2025-01-01,CRWD,1535527,0.002633992940271
2025-01-01,LIN,1707925,0.0025151012485867
2025-01-01,EXC,1109357,0.0024205402596516
2025-01-01,WDC,106040,0.0023415436495581
2025-01-01,MPWR,1280452,0.0023369603423388
2025-01-01,MSFT,789019,0.0022146268713756
2025-01-01,D,715957,0.0020474586386141
2025-01-01,AIZ,1267238,0.0020180792862066
2025-01-01,JPM,19617,0.0020036535067606
2025-01-01,NRG,1013871,0.0019457705639226
2025-01-01,JKHY,779152,0.0018920679393961
2025-01-01,AIG,5272,0.0017761766881688
2025-01-01,SJM,91419,0.0017426212439556
2025-01-01,WMT,104169,0.0017374794841688
2025-01-01,SRE,1032208,0.0017372717195305
2025-01-01,MCO,1059556,0.0016790360924413
2025-01-01,CRL,1100682,0.0014301239258878
2025-01-01,PGR,80661,0.0012100366896909
2025-01-01,MRNA,1682852,0.0011581924773704
2025-01-01,CB,896159,0.0011140442492855
2025-01-01,ALL,899051,0.0010914502717764
2025-01-01,GL,320335,0.0010711285456258
2025-01-01,MTB,36270,0.0009313756763756
2025-01-01,USB,36104,0.0007745223491555
2025-01-01,MKTX,1278021,0.0007316685294222
2025-01-01,DHR,313616,0.0007222543057029
2025-01-01,SYF,1601712,0.0007096978332057
2025-01-01,WFC,72971,0.0006788223249538
2025-01-01,CME,1156375,0.0006211955478241
2025-01-01,FITB,35527,0.00061175470479
2025-01-01,EG,1095073,0.0005589667573942
2025-01-01,AOS,91142,0.0004605666964978
2025-01-01,HBAN,49196,0.0004230491554664
2025-01-01,GS,886982,0.0004221556452603
2025-01-01,DFS,1393612,0.0004021818464793
2025-01-01,CE,1306830,0.0003835447947348
2025-01-01,CINF,20286,0.0003823839103788
2025-01-01,MS,895421,0.000370546706405
2025-01-01,PYPL,1633917,0.0003509161538337
2025-01-01,CFG,759944,0.0003337682020124
2025-01-01,CPAY,1175454,0.0002891460517077
2025-01-01,BEN,38777,0.0002868135515617
2025-01-01,SCHW,316709,0.0002747998007115
2025-01-01,MA,1141391,0.0002558226883458
2025-01-01,NDAQ,1120193,0.0002507780008737
2025-01-01,RF,1281761,0.000236919965262
2025-01-01,NTRS,73124,0.0002345518555752
2025-01-01,MET,1099219,0.0002216554881563
2025-01-01,ECL,31462,0.0001829101966706
2025-01-01,VST,1692819,0.0001759988126787
2025-01-01,ACGL,947484,0.0001756019133079
2025-01-01,MSCI,1408198,0.0001587729660583
2025-01-01,RJF,720005,0.0001482037193076
2025-01-01,AON,315293,0.0001392941437898
2025-01-01,AFL,4977,0.0001316964884783
2025-01-01,MMC,62709,0.0001276328105991
2025-01-01,BRK.B,1067983,0.0001075118578119
2025-01-01,L,60086,9.917282274175732e-05
2025-01-01,COOP,711404,6.351816941626527e-05
2025-01-01,APO,1858681,5.469925376803037e-05
2025-01-01,TROW,1113169,4.564611370029381e-05
2025-01-01,SPGI,64040,3.856321322387093e-05
2025-01-01,AJG,354190,3.7253632995446326e-05
2025-01-01,BRO,79282,3.216144546768739e-05
2025-01-01,WRB,11544,1.0179105316518346e-05
